value,seed,method,n_iter,dataset
0.2826826826826827,11A,random,0,noisy_hd
0.3207207207207207,11A,random,1,noisy_hd
0.3137137137137137,11A,random,2,noisy_hd
0.38738738738738737,11A,random,3,noisy_hd
0.394994994994995,11A,random,4,noisy_hd
0.43383383383383384,11A,random,5,noisy_hd
0.43763763763763763,11A,random,6,noisy_hd
0.46806806806806805,11A,random,7,noisy_hd
0.4840840840840841,11A,random,8,noisy_hd
0.5123123123123123,11A,random,9,noisy_hd
0.5517517517517517,11A,random,10,noisy_hd
0.5633633633633633,11A,random,11,noisy_hd
0.5993993993993993,11A,random,12,noisy_hd
0.6220220220220221,11A,random,13,noisy_hd
0.612012012012012,11A,random,14,noisy_hd
0.6574574574574574,11A,random,15,noisy_hd
0.6654654654654655,11A,random,16,noisy_hd
0.6616616616616616,11A,random,17,noisy_hd
0.6874874874874874,11A,random,18,noisy_hd
0.69009009009009,11A,random,19,noisy_hd
0.2782782782782783,11A,wkmeans,0,noisy_hd
0.3133133133133133,11A,wkmeans,1,noisy_hd
0.3921921921921922,11A,wkmeans,2,noisy_hd
0.43663663663663665,11A,wkmeans,3,noisy_hd
0.4678678678678679,11A,wkmeans,4,noisy_hd
0.54994994994995,11A,wkmeans,5,noisy_hd
0.5787787787787788,11A,wkmeans,6,noisy_hd
0.5887887887887888,11A,wkmeans,7,noisy_hd
0.6420420420420421,11A,wkmeans,8,noisy_hd
0.6692692692692692,11A,wkmeans,9,noisy_hd
0.6770770770770771,11A,wkmeans,10,noisy_hd
0.7141141141141141,11A,wkmeans,11,noisy_hd
0.7145145145145145,11A,wkmeans,12,noisy_hd
0.7261261261261261,11A,wkmeans,13,noisy_hd
0.7257257257257257,11A,wkmeans,14,noisy_hd
0.7597597597597597,11A,wkmeans,15,noisy_hd
0.7673673673673673,11A,wkmeans,16,noisy_hd
0.7725725725725726,11A,wkmeans,17,noisy_hd
0.7851851851851852,11A,wkmeans,18,noisy_hd
0.792992992992993,11A,wkmeans,19,noisy_hd
0.2814814814814815,11A,iwkmeans,0,noisy_hd
0.2912912912912913,11A,iwkmeans,1,noisy_hd
0.3813813813813814,11A,iwkmeans,2,noisy_hd
0.41701701701701704,11A,iwkmeans,3,noisy_hd
0.49309309309309307,11A,iwkmeans,4,noisy_hd
0.5815815815815816,11A,iwkmeans,5,noisy_hd
0.6272272272272272,11A,iwkmeans,6,noisy_hd
0.6558558558558558,11A,iwkmeans,7,noisy_hd
0.679079079079079,11A,iwkmeans,8,noisy_hd
0.6844844844844845,11A,iwkmeans,9,noisy_hd
0.6882882882882883,11A,iwkmeans,10,noisy_hd
0.721921921921922,11A,iwkmeans,11,noisy_hd
0.7251251251251252,11A,iwkmeans,12,noisy_hd
0.7505505505505505,11A,iwkmeans,13,noisy_hd
0.7615615615615615,11A,iwkmeans,14,noisy_hd
0.7731731731731731,11A,iwkmeans,15,noisy_hd
0.7855855855855856,11A,iwkmeans,16,noisy_hd
0.7921921921921922,11A,iwkmeans,17,noisy_hd
0.7943943943943944,11A,iwkmeans,18,noisy_hd
0.78998998998999,11A,iwkmeans,19,noisy_hd
0.24904904904904904,11B,random,0,noisy_hd
0.24644644644644645,11B,random,1,noisy_hd
0.2996996996996997,11B,random,2,noisy_hd
0.32592592592592595,11B,random,3,noisy_hd
0.395995995995996,11B,random,4,noisy_hd
0.42962962962962964,11B,random,5,noisy_hd
0.45145145145145144,11B,random,6,noisy_hd
0.46186186186186184,11B,random,7,noisy_hd
0.45605605605605604,11B,random,8,noisy_hd
0.5125125125125125,11B,random,9,noisy_hd
0.5373373373373374,11B,random,10,noisy_hd
0.573973973973974,11B,random,11,noisy_hd
0.573973973973974,11B,random,12,noisy_hd
0.5771771771771772,11B,random,13,noisy_hd
0.587987987987988,11B,random,14,noisy_hd
0.6006006006006006,11B,random,15,noisy_hd
0.6238238238238238,11B,random,16,noisy_hd
0.6344344344344345,11B,random,17,noisy_hd
0.6398398398398398,11B,random,18,noisy_hd
0.6288288288288288,11B,random,19,noisy_hd
0.24104104104104104,11B,wkmeans,0,noisy_hd
0.3127127127127127,11B,wkmeans,1,noisy_hd
0.34134134134134136,11B,wkmeans,2,noisy_hd
0.41501501501501503,11B,wkmeans,3,noisy_hd
0.46586586586586587,11B,wkmeans,4,noisy_hd
0.5187187187187187,11B,wkmeans,5,noisy_hd
0.5331331331331332,11B,wkmeans,6,noisy_hd
0.585985985985986,11B,wkmeans,7,noisy_hd
0.6244244244244245,11B,wkmeans,8,noisy_hd
0.6344344344344345,11B,wkmeans,9,noisy_hd
0.6762762762762763,11B,wkmeans,10,noisy_hd
0.7051051051051052,11B,wkmeans,11,noisy_hd
0.7021021021021021,11B,wkmeans,12,noisy_hd
0.7305305305305305,11B,wkmeans,13,noisy_hd
0.7591591591591592,11B,wkmeans,14,noisy_hd
0.7623623623623623,11B,wkmeans,15,noisy_hd
0.7633633633633634,11B,wkmeans,16,noisy_hd
0.772972972972973,11B,wkmeans,17,noisy_hd
0.786986986986987,11B,wkmeans,18,noisy_hd
0.788988988988989,11B,wkmeans,19,noisy_hd
0.23843843843843843,11B,iwkmeans,0,noisy_hd
0.2922922922922923,11B,iwkmeans,1,noisy_hd
0.34474474474474476,11B,iwkmeans,2,noisy_hd
0.4226226226226226,11B,iwkmeans,3,noisy_hd
0.5007007007007007,11B,iwkmeans,4,noisy_hd
0.5573573573573574,11B,iwkmeans,5,noisy_hd
0.602002002002002,11B,iwkmeans,6,noisy_hd
0.6448448448448448,11B,iwkmeans,7,noisy_hd
0.6386386386386387,11B,iwkmeans,8,noisy_hd
0.68008008008008,11B,iwkmeans,9,noisy_hd
0.6862862862862863,11B,iwkmeans,10,noisy_hd
0.7157157157157157,11B,iwkmeans,11,noisy_hd
0.7401401401401402,11B,iwkmeans,12,noisy_hd
0.7433433433433433,11B,iwkmeans,13,noisy_hd
0.76996996996997,11B,iwkmeans,14,noisy_hd
0.7727727727727728,11B,iwkmeans,15,noisy_hd
0.7745745745745746,11B,iwkmeans,16,noisy_hd
0.7815815815815815,11B,iwkmeans,17,noisy_hd
0.7853853853853854,11B,iwkmeans,18,noisy_hd
0.7971971971971972,11B,iwkmeans,19,noisy_hd
0.26846846846846845,22A,random,0,noisy_hd
0.27167167167167167,22A,random,1,noisy_hd
0.3275275275275275,22A,random,2,noisy_hd
0.3805805805805806,22A,random,3,noisy_hd
0.3921921921921922,22A,random,4,noisy_hd
0.444044044044044,22A,random,5,noisy_hd
0.4800800800800801,22A,random,6,noisy_hd
0.4992992992992993,22A,random,7,noisy_hd
0.5115115115115115,22A,random,8,noisy_hd
0.5455455455455456,22A,random,9,noisy_hd
0.573973973973974,22A,random,10,noisy_hd
0.5797797797797798,22A,random,11,noisy_hd
0.6088088088088088,22A,random,12,noisy_hd
0.5873873873873874,22A,random,13,noisy_hd
0.6358358358358358,22A,random,14,noisy_hd
0.6356356356356356,22A,random,15,noisy_hd
0.6412412412412413,22A,random,16,noisy_hd
0.6514514514514514,22A,random,17,noisy_hd
0.6622622622622623,22A,random,18,noisy_hd
0.6812812812812813,22A,random,19,noisy_hd
0.25905905905905907,22A,wkmeans,0,noisy_hd
0.3025025025025025,22A,wkmeans,1,noisy_hd
0.32012012012012014,22A,wkmeans,2,noisy_hd
0.35115115115115114,22A,wkmeans,3,noisy_hd
0.416016016016016,22A,wkmeans,4,noisy_hd
0.5053053053053053,22A,wkmeans,5,noisy_hd
0.5395395395395396,22A,wkmeans,6,noisy_hd
0.5753753753753754,22A,wkmeans,7,noisy_hd
0.6002002002002002,22A,wkmeans,8,noisy_hd
0.6528528528528529,22A,wkmeans,9,noisy_hd
0.6764764764764765,22A,wkmeans,10,noisy_hd
0.6802802802802803,22A,wkmeans,11,noisy_hd
0.7381381381381381,22A,wkmeans,12,noisy_hd
0.7333333333333333,22A,wkmeans,13,noisy_hd
0.7565565565565565,22A,wkmeans,14,noisy_hd
0.7803803803803804,22A,wkmeans,15,noisy_hd
0.7777777777777778,22A,wkmeans,16,noisy_hd
0.7933933933933934,22A,wkmeans,17,noisy_hd
0.7927927927927928,22A,wkmeans,18,noisy_hd
0.7903903903903904,22A,wkmeans,19,noisy_hd
0.24644644644644645,22A,iwkmeans,0,noisy_hd
0.3003003003003003,22A,iwkmeans,1,noisy_hd
0.3771771771771772,22A,iwkmeans,2,noisy_hd
0.45205205205205207,22A,iwkmeans,3,noisy_hd
0.5161161161161161,22A,iwkmeans,4,noisy_hd
0.5833833833833834,22A,iwkmeans,5,noisy_hd
0.619019019019019,22A,iwkmeans,6,noisy_hd
0.6614614614614615,22A,iwkmeans,7,noisy_hd
0.6370370370370371,22A,iwkmeans,8,noisy_hd
0.6852852852852853,22A,iwkmeans,9,noisy_hd
0.6756756756756757,22A,iwkmeans,10,noisy_hd
0.7203203203203203,22A,iwkmeans,11,noisy_hd
0.6950950950950952,22A,iwkmeans,12,noisy_hd
0.7275275275275275,22A,iwkmeans,13,noisy_hd
0.721921921921922,22A,iwkmeans,14,noisy_hd
0.7491491491491491,22A,iwkmeans,15,noisy_hd
0.7739739739739739,22A,iwkmeans,16,noisy_hd
0.7643643643643644,22A,iwkmeans,17,noisy_hd
0.7797797797797797,22A,iwkmeans,18,noisy_hd
0.7763763763763764,22A,iwkmeans,19,noisy_hd
0.2518518518518518,22B,random,0,noisy_hd
0.3129129129129129,22B,random,1,noisy_hd
0.33313313313313314,22B,random,2,noisy_hd
0.37237237237237236,22B,random,3,noisy_hd
0.4018018018018018,22B,random,4,noisy_hd
0.46226226226226225,22B,random,5,noisy_hd
0.4804804804804805,22B,random,6,noisy_hd
0.4990990990990991,22B,random,7,noisy_hd
0.5393393393393393,22B,random,8,noisy_hd
0.5573573573573574,22B,random,9,noisy_hd
0.5761761761761762,22B,random,10,noisy_hd
0.6022022022022022,22B,random,11,noisy_hd
0.6182182182182182,22B,random,12,noisy_hd
0.6518518518518519,22B,random,13,noisy_hd
0.6558558558558558,22B,random,14,noisy_hd
0.6598598598598598,22B,random,15,noisy_hd
0.6626626626626627,22B,random,16,noisy_hd
0.6920920920920921,22B,random,17,noisy_hd
0.6884884884884885,22B,random,18,noisy_hd
0.6988988988988989,22B,random,19,noisy_hd
0.24424424424424424,22B,wkmeans,0,noisy_hd
0.3029029029029029,22B,wkmeans,1,noisy_hd
0.35475475475475476,22B,wkmeans,2,noisy_hd
0.4042042042042042,22B,wkmeans,3,noisy_hd
0.4532532532532533,22B,wkmeans,4,noisy_hd
0.47267267267267266,22B,wkmeans,5,noisy_hd
0.5271271271271272,22B,wkmeans,6,noisy_hd
0.5701701701701701,22B,wkmeans,7,noisy_hd
0.581981981981982,22B,wkmeans,8,noisy_hd
0.6018018018018018,22B,wkmeans,9,noisy_hd
0.626026026026026,22B,wkmeans,10,noisy_hd
0.6664664664664665,22B,wkmeans,11,noisy_hd
0.7135135135135136,22B,wkmeans,12,noisy_hd
0.7391391391391391,22B,wkmeans,13,noisy_hd
0.7563563563563563,22B,wkmeans,14,noisy_hd
0.7491491491491491,22B,wkmeans,15,noisy_hd
0.756956956956957,22B,wkmeans,16,noisy_hd
0.7825825825825826,22B,wkmeans,17,noisy_hd
0.7895895895895896,22B,wkmeans,18,noisy_hd
0.7963963963963964,22B,wkmeans,19,noisy_hd
0.24884884884884884,22B,iwkmeans,0,noisy_hd
0.30470470470470473,22B,iwkmeans,1,noisy_hd
0.38538538538538536,22B,iwkmeans,2,noisy_hd
0.4544544544544545,22B,iwkmeans,3,noisy_hd
0.5109109109109109,22B,iwkmeans,4,noisy_hd
0.567967967967968,22B,iwkmeans,5,noisy_hd
0.6132132132132132,22B,iwkmeans,6,noisy_hd
0.6102102102102102,22B,iwkmeans,7,noisy_hd
0.6352352352352353,22B,iwkmeans,8,noisy_hd
0.6478478478478479,22B,iwkmeans,9,noisy_hd
0.6766766766766766,22B,iwkmeans,10,noisy_hd
0.6996996996996997,22B,iwkmeans,11,noisy_hd
0.7261261261261261,22B,iwkmeans,12,noisy_hd
0.7181181181181181,22B,iwkmeans,13,noisy_hd
0.7541541541541541,22B,iwkmeans,14,noisy_hd
0.7645645645645646,22B,iwkmeans,15,noisy_hd
0.77997997997998,22B,iwkmeans,16,noisy_hd
0.7881881881881881,22B,iwkmeans,17,noisy_hd
0.7807807807807807,22B,iwkmeans,18,noisy_hd
0.7803803803803804,22B,iwkmeans,19,noisy_hd
0.23983983983983984,33A,random,0,noisy_hd
0.24624624624624625,33A,random,1,noisy_hd
0.2962962962962963,33A,random,2,noisy_hd
0.2814814814814815,33A,random,3,noisy_hd
0.34654654654654654,33A,random,4,noisy_hd
0.36736736736736736,33A,random,5,noisy_hd
0.4148148148148148,33A,random,6,noisy_hd
0.43703703703703706,33A,random,7,noisy_hd
0.46166166166166167,33A,random,8,noisy_hd
0.45245245245245247,33A,random,9,noisy_hd
0.4950950950950951,33A,random,10,noisy_hd
0.5219219219219219,33A,random,11,noisy_hd
0.543943943943944,33A,random,12,noisy_hd
0.5505505505505506,33A,random,13,noisy_hd
0.5453453453453454,33A,random,14,noisy_hd
0.5637637637637638,33A,random,15,noisy_hd
0.5887887887887888,33A,random,16,noisy_hd
0.6058058058058058,33A,random,17,noisy_hd
0.6246246246246246,33A,random,18,noisy_hd
0.6492492492492492,33A,random,19,noisy_hd
0.23363363363363363,33A,wkmeans,0,noisy_hd
0.3105105105105105,33A,wkmeans,1,noisy_hd
0.35895895895895896,33A,wkmeans,2,noisy_hd
0.4138138138138138,33A,wkmeans,3,noisy_hd
0.431031031031031,33A,wkmeans,4,noisy_hd
0.4920920920920921,33A,wkmeans,5,noisy_hd
0.5483483483483483,33A,wkmeans,6,noisy_hd
0.5751751751751751,33A,wkmeans,7,noisy_hd
0.634034034034034,33A,wkmeans,8,noisy_hd
0.6438438438438439,33A,wkmeans,9,noisy_hd
0.68008008008008,33A,wkmeans,10,noisy_hd
0.6856856856856857,33A,wkmeans,11,noisy_hd
0.7243243243243244,33A,wkmeans,12,noisy_hd
0.7567567567567568,33A,wkmeans,13,noisy_hd
0.7597597597597597,33A,wkmeans,14,noisy_hd
0.76996996996997,33A,wkmeans,15,noisy_hd
0.7937937937937938,33A,wkmeans,16,noisy_hd
0.7925925925925926,33A,wkmeans,17,noisy_hd
0.7985985985985986,33A,wkmeans,18,noisy_hd
0.7963963963963964,33A,wkmeans,19,noisy_hd
0.24084084084084084,33A,iwkmeans,0,noisy_hd
0.2698698698698699,33A,iwkmeans,1,noisy_hd
0.3771771771771772,33A,iwkmeans,2,noisy_hd
0.4444444444444444,33A,iwkmeans,3,noisy_hd
0.5037037037037037,33A,iwkmeans,4,noisy_hd
0.5963963963963964,33A,iwkmeans,5,noisy_hd
0.612012012012012,33A,iwkmeans,6,noisy_hd
0.6256256256256256,33A,iwkmeans,7,noisy_hd
0.6644644644644645,33A,iwkmeans,8,noisy_hd
0.6814814814814815,33A,iwkmeans,9,noisy_hd
0.7037037037037037,33A,iwkmeans,10,noisy_hd
0.7311311311311312,33A,iwkmeans,11,noisy_hd
0.7497497497497497,33A,iwkmeans,12,noisy_hd
0.7599599599599599,33A,iwkmeans,13,noisy_hd
0.7739739739739739,33A,iwkmeans,14,noisy_hd
0.7831831831831831,33A,iwkmeans,15,noisy_hd
0.7913913913913914,33A,iwkmeans,16,noisy_hd
0.7993993993993994,33A,iwkmeans,17,noisy_hd
0.814014014014014,33A,iwkmeans,18,noisy_hd
0.8014014014014014,33A,iwkmeans,19,noisy_hd
0.25745745745745746,33B,random,0,noisy_hd
0.30470470470470473,33B,random,1,noisy_hd
0.3575575575575576,33B,random,2,noisy_hd
0.36236236236236236,33B,random,3,noisy_hd
0.39579579579579577,33B,random,4,noisy_hd
0.44044044044044045,33B,random,5,noisy_hd
0.47267267267267266,33B,random,6,noisy_hd
0.5045045045045045,33B,random,7,noisy_hd
0.5237237237237238,33B,random,8,noisy_hd
0.5193193193193193,33B,random,9,noisy_hd
0.5297297297297298,33B,random,10,noisy_hd
0.5567567567567567,33B,random,11,noisy_hd
0.547947947947948,33B,random,12,noisy_hd
0.5763763763763764,33B,random,13,noisy_hd
0.5803803803803804,33B,random,14,noisy_hd
0.6136136136136137,33B,random,15,noisy_hd
0.6178178178178179,33B,random,16,noisy_hd
0.6318318318318318,33B,random,17,noisy_hd
0.631031031031031,33B,random,18,noisy_hd
0.6582582582582582,33B,random,19,noisy_hd
0.2610610610610611,33B,wkmeans,0,noisy_hd
0.2994994994994995,33B,wkmeans,1,noisy_hd
0.32932932932932935,33B,wkmeans,2,noisy_hd
0.4294294294294294,33B,wkmeans,3,noisy_hd
0.45245245245245247,33B,wkmeans,4,noisy_hd
0.4974974974974975,33B,wkmeans,5,noisy_hd
0.5435435435435435,33B,wkmeans,6,noisy_hd
0.5809809809809809,33B,wkmeans,7,noisy_hd
0.626026026026026,33B,wkmeans,8,noisy_hd
0.6488488488488489,33B,wkmeans,9,noisy_hd
0.6738738738738739,33B,wkmeans,10,noisy_hd
0.6824824824824824,33B,wkmeans,11,noisy_hd
0.7091091091091091,33B,wkmeans,12,noisy_hd
0.7237237237237237,33B,wkmeans,13,noisy_hd
0.7277277277277278,33B,wkmeans,14,noisy_hd
0.7589589589589589,33B,wkmeans,15,noisy_hd
0.7747747747747747,33B,wkmeans,16,noisy_hd
0.7713713713713714,33B,wkmeans,17,noisy_hd
0.7837837837837838,33B,wkmeans,18,noisy_hd
0.7803803803803804,33B,wkmeans,19,noisy_hd
0.26766766766766764,33B,iwkmeans,0,noisy_hd
0.2958958958958959,33B,iwkmeans,1,noisy_hd
0.34974974974974976,33B,iwkmeans,2,noisy_hd
0.45225225225225224,33B,iwkmeans,3,noisy_hd
0.5291291291291291,33B,iwkmeans,4,noisy_hd
0.5633633633633633,33B,iwkmeans,5,noisy_hd
0.6204204204204204,33B,iwkmeans,6,noisy_hd
0.6410410410410411,33B,iwkmeans,7,noisy_hd
0.6410410410410411,33B,iwkmeans,8,noisy_hd
0.6894894894894895,33B,iwkmeans,9,noisy_hd
0.6848848848848849,33B,iwkmeans,10,noisy_hd
0.6970970970970971,33B,iwkmeans,11,noisy_hd
0.7261261261261261,33B,iwkmeans,12,noisy_hd
0.7623623623623623,33B,iwkmeans,13,noisy_hd
0.7613613613613613,33B,iwkmeans,14,noisy_hd
0.7757757757757757,33B,iwkmeans,15,noisy_hd
0.7627627627627628,33B,iwkmeans,16,noisy_hd
0.7833833833833834,33B,iwkmeans,17,noisy_hd
0.7925925925925926,33B,iwkmeans,18,noisy_hd
0.796996996996997,33B,iwkmeans,19,noisy_hd
0.2732732732732733,44A,random,0,noisy_hd
0.2848848848848849,44A,random,1,noisy_hd
0.31011011011011014,44A,random,2,noisy_hd
0.35955955955955954,44A,random,3,noisy_hd
0.3737737737737738,44A,random,4,noisy_hd
0.4036036036036036,44A,random,5,noisy_hd
0.46226226226226225,44A,random,6,noisy_hd
0.47147147147147145,44A,random,7,noisy_hd
0.4978978978978979,44A,random,8,noisy_hd
0.5243243243243243,44A,random,9,noisy_hd
0.5517517517517517,44A,random,10,noisy_hd
0.5663663663663664,44A,random,11,noisy_hd
0.6096096096096096,44A,random,12,noisy_hd
0.6058058058058058,44A,random,13,noisy_hd
0.623023023023023,44A,random,14,noisy_hd
0.6112112112112112,44A,random,15,noisy_hd
0.6336336336336337,44A,random,16,noisy_hd
0.635035035035035,44A,random,17,noisy_hd
0.6452452452452453,44A,random,18,noisy_hd
0.6772772772772773,44A,random,19,noisy_hd
0.26506506506506505,44A,wkmeans,0,noisy_hd
0.372972972972973,44A,wkmeans,1,noisy_hd
0.3947947947947948,44A,wkmeans,2,noisy_hd
0.44364364364364367,44A,wkmeans,3,noisy_hd
0.47107107107107105,44A,wkmeans,4,noisy_hd
0.5305305305305306,44A,wkmeans,5,noisy_hd
0.5753753753753754,44A,wkmeans,6,noisy_hd
0.6138138138138138,44A,wkmeans,7,noisy_hd
0.6560560560560561,44A,wkmeans,8,noisy_hd
0.6542542542542542,44A,wkmeans,9,noisy_hd
0.6972972972972973,44A,wkmeans,10,noisy_hd
0.6944944944944945,44A,wkmeans,11,noisy_hd
0.7099099099099099,44A,wkmeans,12,noisy_hd
0.7201201201201202,44A,wkmeans,13,noisy_hd
0.7587587587587588,44A,wkmeans,14,noisy_hd
0.756956956956957,44A,wkmeans,15,noisy_hd
0.7711711711711712,44A,wkmeans,16,noisy_hd
0.7791791791791792,44A,wkmeans,17,noisy_hd
0.7917917917917918,44A,wkmeans,18,noisy_hd
0.7851851851851852,44A,wkmeans,19,noisy_hd
0.2648648648648649,44A,iwkmeans,0,noisy_hd
0.3353353353353353,44A,iwkmeans,1,noisy_hd
0.38198198198198197,44A,iwkmeans,2,noisy_hd
0.45285285285285287,44A,iwkmeans,3,noisy_hd
0.4736736736736737,44A,iwkmeans,4,noisy_hd
0.5635635635635635,44A,iwkmeans,5,noisy_hd
0.6204204204204204,44A,iwkmeans,6,noisy_hd
0.6392392392392392,44A,iwkmeans,7,noisy_hd
0.6654654654654655,44A,iwkmeans,8,noisy_hd
0.6870870870870871,44A,iwkmeans,9,noisy_hd
0.7107107107107107,44A,iwkmeans,10,noisy_hd
0.7233233233233233,44A,iwkmeans,11,noisy_hd
0.7297297297297297,44A,iwkmeans,12,noisy_hd
0.7485485485485486,44A,iwkmeans,13,noisy_hd
0.7641641641641642,44A,iwkmeans,14,noisy_hd
0.7663663663663663,44A,iwkmeans,15,noisy_hd
0.7843843843843844,44A,iwkmeans,16,noisy_hd
0.7901901901901902,44A,iwkmeans,17,noisy_hd
0.7915915915915915,44A,iwkmeans,18,noisy_hd
0.7935935935935936,44A,iwkmeans,19,noisy_hd
0.2718718718718719,44B,random,0,noisy_hd
0.30470470470470473,44B,random,1,noisy_hd
0.34914914914914913,44B,random,2,noisy_hd
0.37077077077077075,44B,random,3,noisy_hd
0.4026026026026026,44B,random,4,noisy_hd
0.43503503503503504,44B,random,5,noisy_hd
0.4490490490490491,44B,random,6,noisy_hd
0.46846846846846846,44B,random,7,noisy_hd
0.5219219219219219,44B,random,8,noisy_hd
0.5409409409409409,44B,random,9,noisy_hd
0.5513513513513514,44B,random,10,noisy_hd
0.5647647647647648,44B,random,11,noisy_hd
0.5643643643643643,44B,random,12,noisy_hd
0.5671671671671672,44B,random,13,noisy_hd
0.5991991991991992,44B,random,14,noisy_hd
0.6112112112112112,44B,random,15,noisy_hd
0.6044044044044043,44B,random,16,noisy_hd
0.6214214214214214,44B,random,17,noisy_hd
0.6424424424424424,44B,random,18,noisy_hd
0.639039039039039,44B,random,19,noisy_hd
0.2602602602602603,44B,wkmeans,0,noisy_hd
0.2986986986986987,44B,wkmeans,1,noisy_hd
0.35615615615615615,44B,wkmeans,2,noisy_hd
0.4026026026026026,44B,wkmeans,3,noisy_hd
0.4144144144144144,44B,wkmeans,4,noisy_hd
0.45345345345345345,44B,wkmeans,5,noisy_hd
0.5143143143143143,44B,wkmeans,6,noisy_hd
0.5713713713713714,44B,wkmeans,7,noisy_hd
0.6088088088088088,44B,wkmeans,8,noisy_hd
0.6134134134134134,44B,wkmeans,9,noisy_hd
0.6518518518518519,44B,wkmeans,10,noisy_hd
0.6758758758758758,44B,wkmeans,11,noisy_hd
0.7025025025025025,44B,wkmeans,12,noisy_hd
0.7365365365365365,44B,wkmeans,13,noisy_hd
0.7267267267267268,44B,wkmeans,14,noisy_hd
0.7513513513513513,44B,wkmeans,15,noisy_hd
0.745945945945946,44B,wkmeans,16,noisy_hd
0.7685685685685686,44B,wkmeans,17,noisy_hd
0.7741741741741742,44B,wkmeans,18,noisy_hd
0.7831831831831831,44B,wkmeans,19,noisy_hd
0.25545545545545545,44B,iwkmeans,0,noisy_hd
0.33733733733733734,44B,iwkmeans,1,noisy_hd
0.35615615615615615,44B,iwkmeans,2,noisy_hd
0.42422422422422423,44B,iwkmeans,3,noisy_hd
0.5241241241241241,44B,iwkmeans,4,noisy_hd
0.5427427427427427,44B,iwkmeans,5,noisy_hd
0.649049049049049,44B,iwkmeans,6,noisy_hd
0.6562562562562563,44B,iwkmeans,7,noisy_hd
0.6894894894894895,44B,iwkmeans,8,noisy_hd
0.6890890890890891,44B,iwkmeans,9,noisy_hd
0.7071071071071071,44B,iwkmeans,10,noisy_hd
0.7287287287287287,44B,iwkmeans,11,noisy_hd
0.7305305305305305,44B,iwkmeans,12,noisy_hd
0.7521521521521521,44B,iwkmeans,13,noisy_hd
0.7593593593593594,44B,iwkmeans,14,noisy_hd
0.7707707707707707,44B,iwkmeans,15,noisy_hd
0.7825825825825826,44B,iwkmeans,16,noisy_hd
0.7873873873873873,44B,iwkmeans,17,noisy_hd
0.7943943943943944,44B,iwkmeans,18,noisy_hd
0.7935935935935936,44B,iwkmeans,19,noisy_hd
0.24684684684684685,55A,random,0,noisy_hd
0.3173173173173173,55A,random,1,noisy_hd
0.35915915915915914,55A,random,2,noisy_hd
0.38658658658658657,55A,random,3,noisy_hd
0.431031031031031,55A,random,4,noisy_hd
0.4648648648648649,55A,random,5,noisy_hd
0.4948948948948949,55A,random,6,noisy_hd
0.5057057057057057,55A,random,7,noisy_hd
0.5433433433433433,55A,random,8,noisy_hd
0.5647647647647648,55A,random,9,noisy_hd
0.5881881881881882,55A,random,10,noisy_hd
0.5777777777777777,55A,random,11,noisy_hd
0.6086086086086087,55A,random,12,noisy_hd
0.6316316316316316,55A,random,13,noisy_hd
0.634034034034034,55A,random,14,noisy_hd
0.6570570570570571,55A,random,15,noisy_hd
0.6636636636636637,55A,random,16,noisy_hd
0.6556556556556556,55A,random,17,noisy_hd
0.655055055055055,55A,random,18,noisy_hd
0.6398398398398398,55A,random,19,noisy_hd
0.24324324324324326,55A,wkmeans,0,noisy_hd
0.30430430430430433,55A,wkmeans,1,noisy_hd
0.3371371371371371,55A,wkmeans,2,noisy_hd
0.3967967967967968,55A,wkmeans,3,noisy_hd
0.43623623623623625,55A,wkmeans,4,noisy_hd
0.5147147147147147,55A,wkmeans,5,noisy_hd
0.5687687687687688,55A,wkmeans,6,noisy_hd
0.5905905905905906,55A,wkmeans,7,noisy_hd
0.6174174174174174,55A,wkmeans,8,noisy_hd
0.6318318318318318,55A,wkmeans,9,noisy_hd
0.6688688688688689,55A,wkmeans,10,noisy_hd
0.6952952952952953,55A,wkmeans,11,noisy_hd
0.7235235235235236,55A,wkmeans,12,noisy_hd
0.7263263263263263,55A,wkmeans,13,noisy_hd
0.7537537537537538,55A,wkmeans,14,noisy_hd
0.7573573573573573,55A,wkmeans,15,noisy_hd
0.7561561561561562,55A,wkmeans,16,noisy_hd
0.7703703703703704,55A,wkmeans,17,noisy_hd
0.7943943943943944,55A,wkmeans,18,noisy_hd
0.798998998998999,55A,wkmeans,19,noisy_hd
0.24064064064064064,55A,iwkmeans,0,noisy_hd
0.2830830830830831,55A,iwkmeans,1,noisy_hd
0.3353353353353353,55A,iwkmeans,2,noisy_hd
0.44384384384384384,55A,iwkmeans,3,noisy_hd
0.4964964964964965,55A,iwkmeans,4,noisy_hd
0.5745745745745746,55A,iwkmeans,5,noisy_hd
0.6226226226226226,55A,iwkmeans,6,noisy_hd
0.6286286286286287,55A,iwkmeans,7,noisy_hd
0.6760760760760761,55A,iwkmeans,8,noisy_hd
0.6602602602602603,55A,iwkmeans,9,noisy_hd
0.7037037037037037,55A,iwkmeans,10,noisy_hd
0.7057057057057057,55A,iwkmeans,11,noisy_hd
0.726926926926927,55A,iwkmeans,12,noisy_hd
0.7239239239239239,55A,iwkmeans,13,noisy_hd
0.7339339339339339,55A,iwkmeans,14,noisy_hd
0.7535535535535536,55A,iwkmeans,15,noisy_hd
0.7671671671671672,55A,iwkmeans,16,noisy_hd
0.7815815815815815,55A,iwkmeans,17,noisy_hd
0.7781781781781781,55A,iwkmeans,18,noisy_hd
0.7821821821821822,55A,iwkmeans,19,noisy_hd
0.2968968968968969,55B,random,0,noisy_hd
0.29049049049049047,55B,random,1,noisy_hd
0.3065065065065065,55B,random,2,noisy_hd
0.35595595595595597,55B,random,3,noisy_hd
0.3987987987987988,55B,random,4,noisy_hd
0.46106106106106104,55B,random,5,noisy_hd
0.45565565565565563,55B,random,6,noisy_hd
0.46146146146146144,55B,random,7,noisy_hd
0.5073073073073073,55B,random,8,noisy_hd
0.4974974974974975,55B,random,9,noisy_hd
0.5171171171171172,55B,random,10,noisy_hd
0.5187187187187187,55B,random,11,noisy_hd
0.5493493493493493,55B,random,12,noisy_hd
0.5583583583583583,55B,random,13,noisy_hd
0.5865865865865866,55B,random,14,noisy_hd
0.614014014014014,55B,random,15,noisy_hd
0.62002002002002,55B,random,16,noisy_hd
0.6304304304304305,55B,random,17,noisy_hd
0.6336336336336337,55B,random,18,noisy_hd
0.6598598598598598,55B,random,19,noisy_hd
0.26466466466466465,55B,wkmeans,0,noisy_hd
0.2914914914914915,55B,wkmeans,1,noisy_hd
0.37157157157157156,55B,wkmeans,2,noisy_hd
0.4156156156156156,55B,wkmeans,3,noisy_hd
0.45385385385385385,55B,wkmeans,4,noisy_hd
0.5025025025025025,55B,wkmeans,5,noisy_hd
0.5335335335335335,55B,wkmeans,6,noisy_hd
0.58998998998999,55B,wkmeans,7,noisy_hd
0.6172172172172172,55B,wkmeans,8,noisy_hd
0.6166166166166166,55B,wkmeans,9,noisy_hd
0.6664664664664665,55B,wkmeans,10,noisy_hd
0.6744744744744745,55B,wkmeans,11,noisy_hd
0.7115115115115115,55B,wkmeans,12,noisy_hd
0.7373373373373373,55B,wkmeans,13,noisy_hd
0.7493493493493494,55B,wkmeans,14,noisy_hd
0.7613613613613613,55B,wkmeans,15,noisy_hd
0.7833833833833834,55B,wkmeans,16,noisy_hd
0.7893893893893894,55B,wkmeans,17,noisy_hd
0.7905905905905906,55B,wkmeans,18,noisy_hd
0.8052052052052052,55B,wkmeans,19,noisy_hd
0.2614614614614615,55B,iwkmeans,0,noisy_hd
0.30970970970970974,55B,iwkmeans,1,noisy_hd
0.35575575575575574,55B,iwkmeans,2,noisy_hd
0.44964964964964965,55B,iwkmeans,3,noisy_hd
0.4904904904904905,55B,iwkmeans,4,noisy_hd
0.5643643643643643,55B,iwkmeans,5,noisy_hd
0.6538538538538539,55B,iwkmeans,6,noisy_hd
0.6642642642642642,55B,iwkmeans,7,noisy_hd
0.6720720720720721,55B,iwkmeans,8,noisy_hd
0.6954954954954955,55B,iwkmeans,9,noisy_hd
0.7147147147147147,55B,iwkmeans,10,noisy_hd
0.7383383383383383,55B,iwkmeans,11,noisy_hd
0.7471471471471471,55B,iwkmeans,12,noisy_hd
0.7533533533533534,55B,iwkmeans,13,noisy_hd
0.7667667667667668,55B,iwkmeans,14,noisy_hd
0.7713713713713714,55B,iwkmeans,15,noisy_hd
0.7721721721721722,55B,iwkmeans,16,noisy_hd
0.7861861861861862,55B,iwkmeans,17,noisy_hd
0.783983983983984,55B,iwkmeans,18,noisy_hd
0.78998998998999,55B,iwkmeans,19,noisy_hd
0.2698698698698699,11A,margin,0,noisy_hd
0.3049049049049049,11A,margin,1,noisy_hd
0.3567567567567568,11A,margin,2,noisy_hd
0.39039039039039036,11A,margin,3,noisy_hd
0.4102102102102102,11A,margin,4,noisy_hd
0.4888888888888889,11A,margin,5,noisy_hd
0.5043043043043043,11A,margin,6,noisy_hd
0.5637637637637638,11A,margin,7,noisy_hd
0.5711711711711712,11A,margin,8,noisy_hd
0.607007007007007,11A,margin,9,noisy_hd
0.6226226226226226,11A,margin,10,noisy_hd
0.6620620620620621,11A,margin,11,noisy_hd
0.6898898898898899,11A,margin,12,noisy_hd
0.7079079079079079,11A,margin,13,noisy_hd
0.7357357357357357,11A,margin,14,noisy_hd
0.7425425425425426,11A,margin,15,noisy_hd
0.7463463463463463,11A,margin,16,noisy_hd
0.7643643643643644,11A,margin,17,noisy_hd
0.7747747747747747,11A,margin,18,noisy_hd
0.7685685685685686,11A,margin,19,noisy_hd
0.2718718718718719,11A,uncertainty,0,noisy_hd
0.34314314314314315,11A,uncertainty,1,noisy_hd
0.395995995995996,11A,uncertainty,2,noisy_hd
0.38238238238238237,11A,uncertainty,3,noisy_hd
0.4268268268268268,11A,uncertainty,4,noisy_hd
0.4702702702702703,11A,uncertainty,5,noisy_hd
0.5073073073073073,11A,uncertainty,6,noisy_hd
0.5593593593593593,11A,uncertainty,7,noisy_hd
0.603003003003003,11A,uncertainty,8,noisy_hd
0.608008008008008,11A,uncertainty,9,noisy_hd
0.6504504504504505,11A,uncertainty,10,noisy_hd
0.6910910910910911,11A,uncertainty,11,noisy_hd
0.7131131131131131,11A,uncertainty,12,noisy_hd
0.7011011011011011,11A,uncertainty,13,noisy_hd
0.7175175175175175,11A,uncertainty,14,noisy_hd
0.7355355355355355,11A,uncertainty,15,noisy_hd
0.7545545545545546,11A,uncertainty,16,noisy_hd
0.7607607607607607,11A,uncertainty,17,noisy_hd
0.7605605605605605,11A,uncertainty,18,noisy_hd
0.7617617617617618,11A,uncertainty,19,noisy_hd
0.2768768768768769,11A,entropy,0,noisy_hd
0.2940940940940941,11A,entropy,1,noisy_hd
0.35035035035035034,11A,entropy,2,noisy_hd
0.3901901901901902,11A,entropy,3,noisy_hd
0.45265265265265264,11A,entropy,4,noisy_hd
0.46346346346346345,11A,entropy,5,noisy_hd
0.47967967967967967,11A,entropy,6,noisy_hd
0.5281281281281281,11A,entropy,7,noisy_hd
0.5359359359359359,11A,entropy,8,noisy_hd
0.590990990990991,11A,entropy,9,noisy_hd
0.6052052052052052,11A,entropy,10,noisy_hd
0.6336336336336337,11A,entropy,11,noisy_hd
0.6468468468468469,11A,entropy,12,noisy_hd
0.6668668668668669,11A,entropy,13,noisy_hd
0.7055055055055055,11A,entropy,14,noisy_hd
0.7221221221221221,11A,entropy,15,noisy_hd
0.7331331331331331,11A,entropy,16,noisy_hd
0.7483483483483484,11A,entropy,17,noisy_hd
0.7675675675675676,11A,entropy,18,noisy_hd
0.7577577577577578,11A,entropy,19,noisy_hd
0.22622622622622623,11B,margin,0,noisy_hd
0.24604604604604605,11B,margin,1,noisy_hd
0.34674674674674677,11B,margin,2,noisy_hd
0.3881881881881882,11B,margin,3,noisy_hd
0.4282282282282282,11B,margin,4,noisy_hd
0.45725725725725724,11B,margin,5,noisy_hd
0.5089089089089089,11B,margin,6,noisy_hd
0.4984984984984985,11B,margin,7,noisy_hd
0.5397397397397398,11B,margin,8,noisy_hd
0.5585585585585585,11B,margin,9,noisy_hd
0.6078078078078079,11B,margin,10,noisy_hd
0.591991991991992,11B,margin,11,noisy_hd
0.6574574574574574,11B,margin,12,noisy_hd
0.6824824824824824,11B,margin,13,noisy_hd
0.6966966966966966,11B,margin,14,noisy_hd
0.7229229229229229,11B,margin,15,noisy_hd
0.7425425425425426,11B,margin,16,noisy_hd
0.7623623623623623,11B,margin,17,noisy_hd
0.7595595595595596,11B,margin,18,noisy_hd
0.7781781781781781,11B,margin,19,noisy_hd
0.22642642642642644,11B,uncertainty,0,noisy_hd
0.2916916916916917,11B,uncertainty,1,noisy_hd
0.3329329329329329,11B,uncertainty,2,noisy_hd
0.33993993993993993,11B,uncertainty,3,noisy_hd
0.403003003003003,11B,uncertainty,4,noisy_hd
0.45625625625625627,11B,uncertainty,5,noisy_hd
0.4942942942942943,11B,uncertainty,6,noisy_hd
0.5159159159159159,11B,uncertainty,7,noisy_hd
0.5477477477477477,11B,uncertainty,8,noisy_hd
0.6028028028028029,11B,uncertainty,9,noisy_hd
0.6270270270270271,11B,uncertainty,10,noisy_hd
0.6492492492492492,11B,uncertainty,11,noisy_hd
0.674074074074074,11B,uncertainty,12,noisy_hd
0.6868868868868869,11B,uncertainty,13,noisy_hd
0.716916916916917,11B,uncertainty,14,noisy_hd
0.7349349349349349,11B,uncertainty,15,noisy_hd
0.7403403403403404,11B,uncertainty,16,noisy_hd
0.7527527527527528,11B,uncertainty,17,noisy_hd
0.7661661661661662,11B,uncertainty,18,noisy_hd
0.7743743743743744,11B,uncertainty,19,noisy_hd
0.23943943943943943,11B,entropy,0,noisy_hd
0.2996996996996997,11B,entropy,1,noisy_hd
0.3207207207207207,11B,entropy,2,noisy_hd
0.36816816816816816,11B,entropy,3,noisy_hd
0.3867867867867868,11B,entropy,4,noisy_hd
0.4644644644644645,11B,entropy,5,noisy_hd
0.4848848848848849,11B,entropy,6,noisy_hd
0.5383383383383383,11B,entropy,7,noisy_hd
0.5547547547547548,11B,entropy,8,noisy_hd
0.5641641641641642,11B,entropy,9,noisy_hd
0.5801801801801801,11B,entropy,10,noisy_hd
0.6006006006006006,11B,entropy,11,noisy_hd
0.6254254254254255,11B,entropy,12,noisy_hd
0.6434434434434434,11B,entropy,13,noisy_hd
0.6676676676676677,11B,entropy,14,noisy_hd
0.7037037037037037,11B,entropy,15,noisy_hd
0.6906906906906907,11B,entropy,16,noisy_hd
0.7193193193193194,11B,entropy,17,noisy_hd
0.7273273273273273,11B,entropy,18,noisy_hd
0.756956956956957,11B,entropy,19,noisy_hd
0.24584584584584585,22A,margin,0,noisy_hd
0.2794794794794795,22A,margin,1,noisy_hd
0.35135135135135137,22A,margin,2,noisy_hd
0.3917917917917918,22A,margin,3,noisy_hd
0.46186186186186184,22A,margin,4,noisy_hd
0.4536536536536537,22A,margin,5,noisy_hd
0.5049049049049049,22A,margin,6,noisy_hd
0.5363363363363364,22A,margin,7,noisy_hd
0.5773773773773774,22A,margin,8,noisy_hd
0.6264264264264264,22A,margin,9,noisy_hd
0.6496496496496497,22A,margin,10,noisy_hd
0.6730730730730731,22A,margin,11,noisy_hd
0.6764764764764765,22A,margin,12,noisy_hd
0.6878878878878879,22A,margin,13,noisy_hd
0.7155155155155155,22A,margin,14,noisy_hd
0.7107107107107107,22A,margin,15,noisy_hd
0.7177177177177178,22A,margin,16,noisy_hd
0.7531531531531531,22A,margin,17,noisy_hd
0.7611611611611612,22A,margin,18,noisy_hd
0.7813813813813814,22A,margin,19,noisy_hd
0.2726726726726727,22A,uncertainty,0,noisy_hd
0.2886886886886887,22A,uncertainty,1,noisy_hd
0.2928928928928929,22A,uncertainty,2,noisy_hd
0.34914914914914913,22A,uncertainty,3,noisy_hd
0.4248248248248248,22A,uncertainty,4,noisy_hd
0.4806806806806807,22A,uncertainty,5,noisy_hd
0.5137137137137137,22A,uncertainty,6,noisy_hd
0.5617617617617617,22A,uncertainty,7,noisy_hd
0.590990990990991,22A,uncertainty,8,noisy_hd
0.6048048048048048,22A,uncertainty,9,noisy_hd
0.6406406406406406,22A,uncertainty,10,noisy_hd
0.6652652652652653,22A,uncertainty,11,noisy_hd
0.6856856856856857,22A,uncertainty,12,noisy_hd
0.7027027027027027,22A,uncertainty,13,noisy_hd
0.7311311311311312,22A,uncertainty,14,noisy_hd
0.7295295295295295,22A,uncertainty,15,noisy_hd
0.751951951951952,22A,uncertainty,16,noisy_hd
0.7675675675675676,22A,uncertainty,17,noisy_hd
0.7791791791791792,22A,uncertainty,18,noisy_hd
0.7805805805805806,22A,uncertainty,19,noisy_hd
0.24824824824824826,22A,entropy,0,noisy_hd
0.2702702702702703,22A,entropy,1,noisy_hd
0.29429429429429427,22A,entropy,2,noisy_hd
0.35655655655655655,22A,entropy,3,noisy_hd
0.3721721721721722,22A,entropy,4,noisy_hd
0.3913913913913914,22A,entropy,5,noisy_hd
0.46226226226226225,22A,entropy,6,noisy_hd
0.4758758758758759,22A,entropy,7,noisy_hd
0.5097097097097097,22A,entropy,8,noisy_hd
0.5111111111111111,22A,entropy,9,noisy_hd
0.5367367367367367,22A,entropy,10,noisy_hd
0.5687687687687688,22A,entropy,11,noisy_hd
0.5873873873873874,22A,entropy,12,noisy_hd
0.6136136136136137,22A,entropy,13,noisy_hd
0.6560560560560561,22A,entropy,14,noisy_hd
0.6698698698698698,22A,entropy,15,noisy_hd
0.6872872872872873,22A,entropy,16,noisy_hd
0.7105105105105105,22A,entropy,17,noisy_hd
0.7395395395395395,22A,entropy,18,noisy_hd
0.7611611611611612,22A,entropy,19,noisy_hd
0.24264264264264265,22B,margin,0,noisy_hd
0.31471471471471474,22B,margin,1,noisy_hd
0.3517517517517518,22B,margin,2,noisy_hd
0.380980980980981,22B,margin,3,noisy_hd
0.4406406406406406,22B,margin,4,noisy_hd
0.48188188188188186,22B,margin,5,noisy_hd
0.5395395395395396,22B,margin,6,noisy_hd
0.5383383383383383,22B,margin,7,noisy_hd
0.5933933933933934,22B,margin,8,noisy_hd
0.6436436436436437,22B,margin,9,noisy_hd
0.6478478478478479,22B,margin,10,noisy_hd
0.643043043043043,22B,margin,11,noisy_hd
0.6598598598598598,22B,margin,12,noisy_hd
0.6864864864864865,22B,margin,13,noisy_hd
0.6962962962962963,22B,margin,14,noisy_hd
0.7339339339339339,22B,margin,15,noisy_hd
0.7297297297297297,22B,margin,16,noisy_hd
0.7473473473473473,22B,margin,17,noisy_hd
0.7645645645645646,22B,margin,18,noisy_hd
0.7661661661661662,22B,margin,19,noisy_hd
0.23083083083083084,22B,uncertainty,0,noisy_hd
0.2920920920920921,22B,uncertainty,1,noisy_hd
0.35535535535535534,22B,uncertainty,2,noisy_hd
0.392992992992993,22B,uncertainty,3,noisy_hd
0.42002002002002004,22B,uncertainty,4,noisy_hd
0.46086086086086087,22B,uncertainty,5,noisy_hd
0.4918918918918919,22B,uncertainty,6,noisy_hd
0.5491491491491491,22B,uncertainty,7,noisy_hd
0.5863863863863864,22B,uncertainty,8,noisy_hd
0.626026026026026,22B,uncertainty,9,noisy_hd
0.6408408408408408,22B,uncertainty,10,noisy_hd
0.6606606606606606,22B,uncertainty,11,noisy_hd
0.6898898898898899,22B,uncertainty,12,noisy_hd
0.710910910910911,22B,uncertainty,13,noisy_hd
0.6922922922922923,22B,uncertainty,14,noisy_hd
0.7237237237237237,22B,uncertainty,15,noisy_hd
0.7357357357357357,22B,uncertainty,16,noisy_hd
0.7473473473473473,22B,uncertainty,17,noisy_hd
0.7645645645645646,22B,uncertainty,18,noisy_hd
0.7843843843843844,22B,uncertainty,19,noisy_hd
0.23903903903903903,22B,entropy,0,noisy_hd
0.2948948948948949,22B,entropy,1,noisy_hd
0.3199199199199199,22B,entropy,2,noisy_hd
0.35575575575575574,22B,entropy,3,noisy_hd
0.3721721721721722,22B,entropy,4,noisy_hd
0.4332332332332332,22B,entropy,5,noisy_hd
0.45705705705705707,22B,entropy,6,noisy_hd
0.4934934934934935,22B,entropy,7,noisy_hd
0.522922922922923,22B,entropy,8,noisy_hd
0.5437437437437438,22B,entropy,9,noisy_hd
0.5685685685685685,22B,entropy,10,noisy_hd
0.6032032032032032,22B,entropy,11,noisy_hd
0.6394394394394395,22B,entropy,12,noisy_hd
0.6712712712712713,22B,entropy,13,noisy_hd
0.6988988988988989,22B,entropy,14,noisy_hd
0.7009009009009008,22B,entropy,15,noisy_hd
0.7235235235235236,22B,entropy,16,noisy_hd
0.7171171171171171,22B,entropy,17,noisy_hd
0.7355355355355355,22B,entropy,18,noisy_hd
0.7533533533533534,22B,entropy,19,noisy_hd
0.22402402402402402,33A,margin,0,noisy_hd
0.26246246246246246,33A,margin,1,noisy_hd
0.3145145145145145,33A,margin,2,noisy_hd
0.38698698698698697,33A,margin,3,noisy_hd
0.4072072072072072,33A,margin,4,noisy_hd
0.4682682682682683,33A,margin,5,noisy_hd
0.5089089089089089,33A,margin,6,noisy_hd
0.5625625625625625,33A,margin,7,noisy_hd
0.5735735735735735,33A,margin,8,noisy_hd
0.5611611611611612,33A,margin,9,noisy_hd
0.6316316316316316,33A,margin,10,noisy_hd
0.664064064064064,33A,margin,11,noisy_hd
0.6710710710710711,33A,margin,12,noisy_hd
0.7057057057057057,33A,margin,13,noisy_hd
0.7205205205205205,33A,margin,14,noisy_hd
0.7465465465465465,33A,margin,15,noisy_hd
0.7539539539539539,33A,margin,16,noisy_hd
0.7675675675675676,33A,margin,17,noisy_hd
0.7791791791791792,33A,margin,18,noisy_hd
0.7791791791791792,33A,margin,19,noisy_hd
0.23603603603603604,33A,uncertainty,0,noisy_hd
0.2824824824824825,33A,uncertainty,1,noisy_hd
0.3329329329329329,33A,uncertainty,2,noisy_hd
0.398998998998999,33A,uncertainty,3,noisy_hd
0.4002002002002002,33A,uncertainty,4,noisy_hd
0.4364364364364364,33A,uncertainty,5,noisy_hd
0.4532532532532533,33A,uncertainty,6,noisy_hd
0.5003003003003003,33A,uncertainty,7,noisy_hd
0.5557557557557558,33A,uncertainty,8,noisy_hd
0.607007007007007,33A,uncertainty,9,noisy_hd
0.6354354354354355,33A,uncertainty,10,noisy_hd
0.664064064064064,33A,uncertainty,11,noisy_hd
0.6874874874874874,33A,uncertainty,12,noisy_hd
0.7061061061061061,33A,uncertainty,13,noisy_hd
0.7239239239239239,33A,uncertainty,14,noisy_hd
0.7203203203203203,33A,uncertainty,15,noisy_hd
0.7281281281281281,33A,uncertainty,16,noisy_hd
0.7567567567567568,33A,uncertainty,17,noisy_hd
0.751951951951952,33A,uncertainty,18,noisy_hd
0.7585585585585586,33A,uncertainty,19,noisy_hd
0.24124124124124124,33A,entropy,0,noisy_hd
0.26246246246246246,33A,entropy,1,noisy_hd
0.2822822822822823,33A,entropy,2,noisy_hd
0.3379379379379379,33A,entropy,3,noisy_hd
0.3713713713713714,33A,entropy,4,noisy_hd
0.4078078078078078,33A,entropy,5,noisy_hd
0.4628628628628629,33A,entropy,6,noisy_hd
0.4904904904904905,33A,entropy,7,noisy_hd
0.5423423423423424,33A,entropy,8,noisy_hd
0.5767767767767767,33A,entropy,9,noisy_hd
0.590990990990991,33A,entropy,10,noisy_hd
0.5925925925925926,33A,entropy,11,noisy_hd
0.6262262262262263,33A,entropy,12,noisy_hd
0.664064064064064,33A,entropy,13,noisy_hd
0.6734734734734735,33A,entropy,14,noisy_hd
0.6782782782782782,33A,entropy,15,noisy_hd
0.7099099099099099,33A,entropy,16,noisy_hd
0.7143143143143144,33A,entropy,17,noisy_hd
0.7405405405405405,33A,entropy,18,noisy_hd
0.7537537537537538,33A,entropy,19,noisy_hd
0.24924924924924924,33B,margin,0,noisy_hd
0.3257257257257257,33B,margin,1,noisy_hd
0.418018018018018,33B,margin,2,noisy_hd
0.43723723723723723,33B,margin,3,noisy_hd
0.4994994994994995,33B,margin,4,noisy_hd
0.5273273273273273,33B,margin,5,noisy_hd
0.5255255255255256,33B,margin,6,noisy_hd
0.5507507507507508,33B,margin,7,noisy_hd
0.5891891891891892,33B,margin,8,noisy_hd
0.6264264264264264,33B,margin,9,noisy_hd
0.6344344344344345,33B,margin,10,noisy_hd
0.6502502502502503,33B,margin,11,noisy_hd
0.6692692692692692,33B,margin,12,noisy_hd
0.6942942942942943,33B,margin,13,noisy_hd
0.7197197197197197,33B,margin,14,noisy_hd
0.7241241241241241,33B,margin,15,noisy_hd
0.7475475475475476,33B,margin,16,noisy_hd
0.7501501501501502,33B,margin,17,noisy_hd
0.7751751751751752,33B,margin,18,noisy_hd
0.7913913913913914,33B,margin,19,noisy_hd
0.24324324324324326,33B,uncertainty,0,noisy_hd
0.2972972972972973,33B,uncertainty,1,noisy_hd
0.35075075075075074,33B,uncertainty,2,noisy_hd
0.4336336336336336,33B,uncertainty,3,noisy_hd
0.44824824824824827,33B,uncertainty,4,noisy_hd
0.4966966966966967,33B,uncertainty,5,noisy_hd
0.5525525525525525,33B,uncertainty,6,noisy_hd
0.5417417417417417,33B,uncertainty,7,noisy_hd
0.5905905905905906,33B,uncertainty,8,noisy_hd
0.5893893893893893,33B,uncertainty,9,noisy_hd
0.6294294294294295,33B,uncertainty,10,noisy_hd
0.6538538538538539,33B,uncertainty,11,noisy_hd
0.6528528528528529,33B,uncertainty,12,noisy_hd
0.6776776776776777,33B,uncertainty,13,noisy_hd
0.7051051051051052,33B,uncertainty,14,noisy_hd
0.7115115115115115,33B,uncertainty,15,noisy_hd
0.7151151151151152,33B,uncertainty,16,noisy_hd
0.7501501501501502,33B,uncertainty,17,noisy_hd
0.760960960960961,33B,uncertainty,18,noisy_hd
0.7701701701701702,33B,uncertainty,19,noisy_hd
0.27007007007007006,33B,entropy,0,noisy_hd
0.2936936936936937,33B,entropy,1,noisy_hd
0.36036036036036034,33B,entropy,2,noisy_hd
0.4038038038038038,33B,entropy,3,noisy_hd
0.42042042042042044,33B,entropy,4,noisy_hd
0.43763763763763763,33B,entropy,5,noisy_hd
0.4964964964964965,33B,entropy,6,noisy_hd
0.517917917917918,33B,entropy,7,noisy_hd
0.5669669669669669,33B,entropy,8,noisy_hd
0.581981981981982,33B,entropy,9,noisy_hd
0.6414414414414414,33B,entropy,10,noisy_hd
0.6706706706706707,33B,entropy,11,noisy_hd
0.6724724724724724,33B,entropy,12,noisy_hd
0.7115115115115115,33B,entropy,13,noisy_hd
0.7089089089089089,33B,entropy,14,noisy_hd
0.7179179179179179,33B,entropy,15,noisy_hd
0.7501501501501502,33B,entropy,16,noisy_hd
0.7443443443443444,33B,entropy,17,noisy_hd
0.7657657657657657,33B,entropy,18,noisy_hd
0.771971971971972,33B,entropy,19,noisy_hd
0.2810810810810811,44A,margin,0,noisy_hd
0.3155155155155155,44A,margin,1,noisy_hd
0.3667667667667668,44A,margin,2,noisy_hd
0.4044044044044044,44A,margin,3,noisy_hd
0.45725725725725724,44A,margin,4,noisy_hd
0.5103103103103103,44A,margin,5,noisy_hd
0.5447447447447448,44A,margin,6,noisy_hd
0.5373373373373374,44A,margin,7,noisy_hd
0.574974974974975,44A,margin,8,noisy_hd
0.6116116116116116,44A,margin,9,noisy_hd
0.6558558558558558,44A,margin,10,noisy_hd
0.6912912912912913,44A,margin,11,noisy_hd
0.7007007007007007,44A,margin,12,noisy_hd
0.7281281281281281,44A,margin,13,noisy_hd
0.7301301301301302,44A,margin,14,noisy_hd
0.7335335335335336,44A,margin,15,noisy_hd
0.7497497497497497,44A,margin,16,noisy_hd
0.7751751751751752,44A,margin,17,noisy_hd
0.7773773773773773,44A,margin,18,noisy_hd
0.7861861861861862,44A,margin,19,noisy_hd
0.2682682682682683,44A,uncertainty,0,noisy_hd
0.2962962962962963,44A,uncertainty,1,noisy_hd
0.35315315315315315,44A,uncertainty,2,noisy_hd
0.4174174174174174,44A,uncertainty,3,noisy_hd
0.4298298298298298,44A,uncertainty,4,noisy_hd
0.4782782782782783,44A,uncertainty,5,noisy_hd
0.48688688688688686,44A,uncertainty,6,noisy_hd
0.5677677677677677,44A,uncertainty,7,noisy_hd
0.5931931931931932,44A,uncertainty,8,noisy_hd
0.6386386386386387,44A,uncertainty,9,noisy_hd
0.6604604604604605,44A,uncertainty,10,noisy_hd
0.6830830830830831,44A,uncertainty,11,noisy_hd
0.7017017017017017,44A,uncertainty,12,noisy_hd
0.7247247247247247,44A,uncertainty,13,noisy_hd
0.7351351351351352,44A,uncertainty,14,noisy_hd
0.7373373373373373,44A,uncertainty,15,noisy_hd
0.7427427427427428,44A,uncertainty,16,noisy_hd
0.7575575575575576,44A,uncertainty,17,noisy_hd
0.7743743743743744,44A,uncertainty,18,noisy_hd
0.7737737737737738,44A,uncertainty,19,noisy_hd
0.27507507507507506,44A,entropy,0,noisy_hd
0.32812812812812814,44A,entropy,1,noisy_hd
0.36036036036036034,44A,entropy,2,noisy_hd
0.36776776776776776,44A,entropy,3,noisy_hd
0.3995995995995996,44A,entropy,4,noisy_hd
0.434034034034034,44A,entropy,5,noisy_hd
0.4920920920920921,44A,entropy,6,noisy_hd
0.5035035035035035,44A,entropy,7,noisy_hd
0.5323323323323323,44A,entropy,8,noisy_hd
0.5677677677677677,44A,entropy,9,noisy_hd
0.5777777777777777,44A,entropy,10,noisy_hd
0.6186186186186187,44A,entropy,11,noisy_hd
0.6082082082082082,44A,entropy,12,noisy_hd
0.6492492492492492,44A,entropy,13,noisy_hd
0.6504504504504505,44A,entropy,14,noisy_hd
0.6812812812812813,44A,entropy,15,noisy_hd
0.7191191191191191,44A,entropy,16,noisy_hd
0.730930930930931,44A,entropy,17,noisy_hd
0.7715715715715715,44A,entropy,18,noisy_hd
0.7513513513513513,44A,entropy,19,noisy_hd
0.2768768768768769,44B,margin,0,noisy_hd
0.32512512512512515,44B,margin,1,noisy_hd
0.380980980980981,44B,margin,2,noisy_hd
0.419019019019019,44B,margin,3,noisy_hd
0.45165165165165166,44B,margin,4,noisy_hd
0.4912912912912913,44B,margin,5,noisy_hd
0.538938938938939,44B,margin,6,noisy_hd
0.5659659659659659,44B,margin,7,noisy_hd
0.6108108108108108,44B,margin,8,noisy_hd
0.64004004004004,44B,margin,9,noisy_hd
0.6436436436436437,44B,margin,10,noisy_hd
0.6558558558558558,44B,margin,11,noisy_hd
0.6536536536536537,44B,margin,12,noisy_hd
0.6958958958958958,44B,margin,13,noisy_hd
0.7263263263263263,44B,margin,14,noisy_hd
0.7537537537537538,44B,margin,15,noisy_hd
0.7617617617617618,44B,margin,16,noisy_hd
0.7781781781781781,44B,margin,17,noisy_hd
0.7945945945945946,44B,margin,18,noisy_hd
0.7845845845845846,44B,margin,19,noisy_hd
0.26806806806806804,44B,uncertainty,0,noisy_hd
0.2822822822822823,44B,uncertainty,1,noisy_hd
0.3213213213213213,44B,uncertainty,2,noisy_hd
0.401001001001001,44B,uncertainty,3,noisy_hd
0.42082082082082084,44B,uncertainty,4,noisy_hd
0.4294294294294294,44B,uncertainty,5,noisy_hd
0.5135135135135135,44B,uncertainty,6,noisy_hd
0.5617617617617617,44B,uncertainty,7,noisy_hd
0.611011011011011,44B,uncertainty,8,noisy_hd
0.6382382382382382,44B,uncertainty,9,noisy_hd
0.6676676676676677,44B,uncertainty,10,noisy_hd
0.6548548548548548,44B,uncertainty,11,noisy_hd
0.7063063063063063,44B,uncertainty,12,noisy_hd
0.7275275275275275,44B,uncertainty,13,noisy_hd
0.7481481481481481,44B,uncertainty,14,noisy_hd
0.7545545545545546,44B,uncertainty,15,noisy_hd
0.7567567567567568,44B,uncertainty,16,noisy_hd
0.775975975975976,44B,uncertainty,17,noisy_hd
0.7727727727727728,44B,uncertainty,18,noisy_hd
0.7935935935935936,44B,uncertainty,19,noisy_hd
0.2744744744744745,44B,entropy,0,noisy_hd
0.2922922922922923,44B,entropy,1,noisy_hd
0.31311311311311313,44B,entropy,2,noisy_hd
0.34494494494494493,44B,entropy,3,noisy_hd
0.3897897897897898,44B,entropy,4,noisy_hd
0.4086086086086086,44B,entropy,5,noisy_hd
0.439039039039039,44B,entropy,6,noisy_hd
0.47227227227227225,44B,entropy,7,noisy_hd
0.5201201201201201,44B,entropy,8,noisy_hd
0.5465465465465466,44B,entropy,9,noisy_hd
0.5883883883883884,44B,entropy,10,noisy_hd
0.6304304304304305,44B,entropy,11,noisy_hd
0.6694694694694695,44B,entropy,12,noisy_hd
0.6654654654654655,44B,entropy,13,noisy_hd
0.6764764764764765,44B,entropy,14,noisy_hd
0.7103103103103103,44B,entropy,15,noisy_hd
0.7183183183183183,44B,entropy,16,noisy_hd
0.7481481481481481,44B,entropy,17,noisy_hd
0.746946946946947,44B,entropy,18,noisy_hd
0.7479479479479479,44B,entropy,19,noisy_hd
0.24024024024024024,55A,margin,0,noisy_hd
0.2506506506506507,55A,margin,1,noisy_hd
0.31851851851851853,55A,margin,2,noisy_hd
0.405005005005005,55A,margin,3,noisy_hd
0.45105105105105103,55A,margin,4,noisy_hd
0.4732732732732733,55A,margin,5,noisy_hd
0.4990990990990991,55A,margin,6,noisy_hd
0.5377377377377377,55A,margin,7,noisy_hd
0.5817817817817817,55A,margin,8,noisy_hd
0.6188188188188188,55A,margin,9,noisy_hd
0.6328328328328329,55A,margin,10,noisy_hd
0.6674674674674674,55A,margin,11,noisy_hd
0.6618618618618619,55A,margin,12,noisy_hd
0.6748748748748749,55A,margin,13,noisy_hd
0.7107107107107107,55A,margin,14,noisy_hd
0.7323323323323323,55A,margin,15,noisy_hd
0.7347347347347347,55A,margin,16,noisy_hd
0.751951951951952,55A,margin,17,noisy_hd
0.767967967967968,55A,margin,18,noisy_hd
0.7637637637637638,55A,margin,19,noisy_hd
0.25805805805805804,55A,uncertainty,0,noisy_hd
0.25825825825825827,55A,uncertainty,1,noisy_hd
0.28348348348348346,55A,uncertainty,2,noisy_hd
0.33113113113113113,55A,uncertainty,3,noisy_hd
0.39119119119119117,55A,uncertainty,4,noisy_hd
0.45505505505505506,55A,uncertainty,5,noisy_hd
0.45765765765765765,55A,uncertainty,6,noisy_hd
0.5323323323323323,55A,uncertainty,7,noisy_hd
0.5493493493493493,55A,uncertainty,8,noisy_hd
0.5905905905905906,55A,uncertainty,9,noisy_hd
0.5983983983983984,55A,uncertainty,10,noisy_hd
0.6398398398398398,55A,uncertainty,11,noisy_hd
0.6718718718718719,55A,uncertainty,12,noisy_hd
0.7047047047047047,55A,uncertainty,13,noisy_hd
0.7139139139139139,55A,uncertainty,14,noisy_hd
0.7339339339339339,55A,uncertainty,15,noisy_hd
0.7543543543543544,55A,uncertainty,16,noisy_hd
0.7727727727727728,55A,uncertainty,17,noisy_hd
0.761961961961962,55A,uncertainty,18,noisy_hd
0.7771771771771772,55A,uncertainty,19,noisy_hd
0.2602602602602603,55A,entropy,0,noisy_hd
0.23803803803803802,55A,entropy,1,noisy_hd
0.3063063063063063,55A,entropy,2,noisy_hd
0.33733733733733734,55A,entropy,3,noisy_hd
0.3917917917917918,55A,entropy,4,noisy_hd
0.4184184184184184,55A,entropy,5,noisy_hd
0.4402402402402402,55A,entropy,6,noisy_hd
0.47687687687687685,55A,entropy,7,noisy_hd
0.5305305305305306,55A,entropy,8,noisy_hd
0.5601601601601601,55A,entropy,9,noisy_hd
0.6004004004004004,55A,entropy,10,noisy_hd
0.6354354354354355,55A,entropy,11,noisy_hd
0.6446446446446447,55A,entropy,12,noisy_hd
0.6648648648648648,55A,entropy,13,noisy_hd
0.6748748748748749,55A,entropy,14,noisy_hd
0.7231231231231231,55A,entropy,15,noisy_hd
0.7239239239239239,55A,entropy,16,noisy_hd
0.7457457457457457,55A,entropy,17,noisy_hd
0.7503503503503504,55A,entropy,18,noisy_hd
0.770970970970971,55A,entropy,19,noisy_hd
0.2778778778778779,55B,margin,0,noisy_hd
0.3179179179179179,55B,margin,1,noisy_hd
0.33153153153153153,55B,margin,2,noisy_hd
0.42122122122122124,55B,margin,3,noisy_hd
0.47147147147147145,55B,margin,4,noisy_hd
0.5109109109109109,55B,margin,5,noisy_hd
0.5807807807807808,55B,margin,6,noisy_hd
0.5771771771771772,55B,margin,7,noisy_hd
0.582982982982983,55B,margin,8,noisy_hd
0.6,55B,margin,9,noisy_hd
0.6344344344344345,55B,margin,10,noisy_hd
0.674074074074074,55B,margin,11,noisy_hd
0.6854854854854855,55B,margin,12,noisy_hd
0.6922922922922923,55B,margin,13,noisy_hd
0.7113113113113113,55B,margin,14,noisy_hd
0.7197197197197197,55B,margin,15,noisy_hd
0.7415415415415415,55B,margin,16,noisy_hd
0.7583583583583584,55B,margin,17,noisy_hd
0.7627627627627628,55B,margin,18,noisy_hd
0.7735735735735736,55B,margin,19,noisy_hd
0.2806806806806807,55B,uncertainty,0,noisy_hd
0.34314314314314315,55B,uncertainty,1,noisy_hd
0.34674674674674677,55B,uncertainty,2,noisy_hd
0.38578578578578576,55B,uncertainty,3,noisy_hd
0.44544544544544545,55B,uncertainty,4,noisy_hd
0.48268268268268266,55B,uncertainty,5,noisy_hd
0.5141141141141141,55B,uncertainty,6,noisy_hd
0.5603603603603604,55B,uncertainty,7,noisy_hd
0.576976976976977,55B,uncertainty,8,noisy_hd
0.6238238238238238,55B,uncertainty,9,noisy_hd
0.6686686686686687,55B,uncertainty,10,noisy_hd
0.6816816816816816,55B,uncertainty,11,noisy_hd
0.7141141141141141,55B,uncertainty,12,noisy_hd
0.7241241241241241,55B,uncertainty,13,noisy_hd
0.7451451451451452,55B,uncertainty,14,noisy_hd
0.7567567567567568,55B,uncertainty,15,noisy_hd
0.7423423423423423,55B,uncertainty,16,noisy_hd
0.770970970970971,55B,uncertainty,17,noisy_hd
0.7645645645645646,55B,uncertainty,18,noisy_hd
0.7855855855855856,55B,uncertainty,19,noisy_hd
0.26846846846846845,55B,entropy,0,noisy_hd
0.2916916916916917,55B,entropy,1,noisy_hd
0.3081081081081081,55B,entropy,2,noisy_hd
0.3747747747747748,55B,entropy,3,noisy_hd
0.3897897897897898,55B,entropy,4,noisy_hd
0.4164164164164164,55B,entropy,5,noisy_hd
0.47227227227227225,55B,entropy,6,noisy_hd
0.5243243243243243,55B,entropy,7,noisy_hd
0.552952952952953,55B,entropy,8,noisy_hd
0.5661661661661662,55B,entropy,9,noisy_hd
0.6096096096096096,55B,entropy,10,noisy_hd
0.644044044044044,55B,entropy,11,noisy_hd
0.6824824824824824,55B,entropy,12,noisy_hd
0.7071071071071071,55B,entropy,13,noisy_hd
0.7287287287287287,55B,entropy,14,noisy_hd
0.7377377377377378,55B,entropy,15,noisy_hd
0.7515515515515515,55B,entropy,16,noisy_hd
0.7585585585585586,55B,entropy,17,noisy_hd
0.7531531531531531,55B,entropy,18,noisy_hd
0.7715715715715715,55B,entropy,19,noisy_hd
